step,index,field,expected_first,observed_second,abs_diff,rel_to_first,relative_to_second_numpy_desired,expected_first_hex,observed_second_hex
0,35,target1_pos,-0.22755013406276703,-0.22460438311100006,0.0029457509517669678,0.012945503037824697,0.01311528702585991,-0x1.d205ce0000000p-3,-0x1.cbfd620000000p-3
0,36,target1_pos,-0.46894603967666626,-0.4691278636455536,0.0001818239688873291,0.00038772897839737587,0.00038757870290285075,-0x1.e033640000000p-2,-0x1.e0630e0000000p-2
0,37,target1_pos,1.48482346534729,1.4820399284362793,0.002783536911010742,0.0018746584870004677,0.0018781794320128003,0x1.7c1d640000000p+0,0x1.7b66f80000000p+0
0,38,target2_pos,-0.21401581168174744,-0.2169615626335144,0.0029457509517669678,0.013764174378608303,0.013577294134550692,-0x1.b64dec0000000p-3,-0x1.bc56580000000p-3
0,39,target2_pos,-0.517436146736145,-0.5172542929649353,0.0001818537712097168,0.00035145161843988656,0.0003515751801059381,-0x1.08ed640000000p-1,-0x1.08d58e0000000p-1
0,40,target2_pos,1.5043631792068481,1.5071467161178589,0.002783536911010742,0.0018503091204866622,0.001846891799745042,0x1.811df20000000p+0,0x1.81d45e0000000p+0
0,41,target1_err,-4.578214429784566e-05,0.0028999706264585257,0.0029457527707563713,64.3428309428265,1.0157871062141604,-0x1.800c680000000p-15,0x1.7c1ade0000000p-9
0,42,target1_err,0.019328761845827103,0.019146941602230072,0.00018182024359703064,0.009406719636120092,0.009496046281138381,0x1.3caeb40000000p-6,0x1.39b4180000000p-6
0,43,target1_err,-0.001893976703286171,-0.004677481483668089,0.002783504780381918,1.4696615726858513,0.5950862211001398,-0x1.f07ea00000000p-10,-0x1.328b1e0000000p-8
0,44,target2_err,0.03797966614365578,0.03503391519188881,0.0029457509517669678,0.07756126503652887,0.0840828361783835,0x1.3721220000000p-5,0x1.1eff720000000p-5
0,45,target2_err,-0.021632103249430656,-0.021450283005833626,0.00018182024359703064,0.008405111675944689,0.008476356398075622,-0x1.626b9e0000000p-6,-0x1.5f71020000000p-6
0,46,target2_err,-0.021308496594429016,-0.01852499134838581,0.0027835052460432053,0.1306288894529958,0.1502567636170987,-0x1.5d1e500000000p-6,-0x1.2f83720000000p-6
1,35,target1_pos,-0.2164398729801178,-0.2138199806213379,0.0026198923587799072,0.012104481132367746,0.012252794856527353,-0x1.bb44d40000000p-3,-0x1.b5e7400000000p-3
1,36,target1_pos,-0.4652484059333801,-0.4656118154525757,0.00036340951919555664,0.0007811085746043244,0.0007804989202052827,-0x1.dc6a140000000p-2,-0x1.dcc9580000000p-2
1,37,target1_pos,1.486938714981079,1.4838801622390747,0.0030585527420043945,0.002056946067238093,0.0020611858152947103,0x1.7ca8040000000p+0,0x1.7bdf920000000p+0
1,38,target2_pos,-0.1997317522764206,-0.2023516446352005,0.0026198923587799072,0.013117054894477084,0.01294722542780934,-0x1.990cf60000000p-3,-0x1.9e6a8a0000000p-3
1,39,target2_pos,-0.5120714902877808,-0.5117080807685852,0.00036340951919555664,0.0007096851242222505,0.0007101891348866639,-0x1.062e3c0000000p-1,-0x1.05fe9a0000000p-1
1,40,target2_pos,1.5084677934646606,1.511526346206665,0.0030585527420043945,0.002027589024608531,0.002023486226144953,0x1.822af20000000p+0,0x1.82f3640000000p+0
1,41,target1_err,-0.0008113582152873278,0.0018085343763232231,0.002619892591610551,3.2290208470777158,1.4486274775361643,-0x1.a962a80000000p-11,0x1.da18b00000000p-10
1,42,target1_err,0.018470672890543938,0.01810726895928383,0.00036340393126010895,0.019674644958178736,0.02006950535043481,0x1.2e9f9e0000000p-6,0x1.28ab640000000p-6
1,43,target1_err,-0.0039458139799535275,-0.007004368118941784,0.0030585541389882565,0.7751389585335392,0.4366638199264634,-0x1.0297c60000000p-8,-0x1.cb09cc0000000p-8
1,44,target2_err,0.03153322637081146,0.028913334012031555,0.0026198923587799072,0.08308354901498423,0.09061190790690915,0x1.0251f80000000p-5,0x1.d9b7500000000p-6
1,45,target2_err,-0.0252690427005291,-0.02490563876926899,0.00036340393126010895,0.014381388941675254,0.01459123111142655,-0x1.9e020c0000000p-6,-0x1.980dd20000000p-6
1,46,target2_err,-0.025678984820842743,-0.02262043207883835,0.0030585527420043945,0.11910722964102044,0.1352119504766535,-0x1.a4b9780000000p-6,-0x1.729cf80000000p-6
2,35,target1_pos,-0.20343098044395447,-0.2012316733598709,0.002199307084083557,0.010811072528303866,0.010929229218058757,-0x1.a0a06c0000000p-3,-0x1.9c1f5a0000000p-3
2,36,target1_pos,-0.463105171918869,-0.4636017382144928,0.0004965662956237793,0.001072253832895592,0.0010711053360935305,-0x1.da383e0000000p-2,-0x1.daba6a0000000p-2
2,37,target1_pos,1.4870728254318237,1.4837316274642944,0.003341197967529297,0.0022468287432789737,0.0022518883507520984,0x1.7cb0ce0000000p+0,0x1.7bd5d60000000p+0
2,38,target2_pos,-0.18300741910934448,-0.18520672619342804,0.002199307084083557,0.012017584285856196,0.01187487695121085,-0x1.76cc980000000p-3,-0x1.7b4daa0000000p-3
2,39,target2_pos,-0.5086436867713928,-0.508147120475769,0.0004965662956237793,0.0009762556943854458,0.0009772097009205782,-0x1.046cf20000000p-1,-0x1.042bdc0000000p-1
2,40,target2_pos,1.5085790157318115,1.5119202136993408,0.003341197967529297,0.002214798119744813,0.00220990362934173,0x1.82323c0000000p+0,0x1.830d340000000p+0
2,41,target1_err,-0.0038656366523355246,-0.0016663235146552324,0.002199313137680292,0.5689394362378886,1.3198596301003032,-0x1.faad3e0000000p-9,-0x1.b4d1140000000p-10
2,42,target1_err,0.0179300457239151,0.017433488741517067,0.0004965569823980331,0.027694128059903678,0.028482938197878036,0x1.25c4100000000p-6,0x1.1da15a0000000p-6
2,43,target1_err,-0.005322976037859917,-0.008664124645292759,0.0033411486074328423,0.6276843223919789,0.38563025628308534,-0x1.5cd8b80000000p-8,-0x1.1be7f20000000p-7
2,44,target2_err,0.020381202921271324,0.01818189024925232,0.002199312672019005,0.10790887468784485,0.12096171750401175,0x1.4decf60000000p-6,0x1.29e4600000000p-6
2,45,target2_err,-0.029047133401036263,-0.02855057641863823,0.0004965569823980331,0.017094870448741712,0.017392187643324553,-0x1.dbe8820000000p-6,-0x1.d3c5cc0000000p-6
2,46,target2_err,-0.027914047241210938,-0.02457289956510067,0.0033411476761102676,0.11969413275111035,0.1359688003956801,-0x1.c958000000000p-6,-0x1.929a360000000p-6
3,35,target1_pos,-0.19083835184574127,-0.18908008933067322,0.0017582625150680542,0.00921336040718532,0.009299035775221749,-0x1.86d6420000000p-3,-0x1.833c6c0000000p-3
3,36,target1_pos,-0.4620033800601959,-0.4626012146472931,0.000597834587097168,0.001294004790656021,0.0012923325062018753,-0x1.d9176a0000000p-2,-0x1.d9b4220000000p-2
3,37,target1_pos,1.4850465059280396,1.481482982635498,0.003563523292541504,0.002399603836187323,0.0024053757851488383,0x1.7c2c020000000p+0,0x1.7b42780000000p+0
3,38,target2_pos,-0.16690309345722198,-0.16866135597229004,0.0017582625150680542,0.010534631076317975,0.010424809553629613,-0x1.55d14a0000000p-3,-0x1.596b200000000p-3
3,39,target2_pos,-0.5065826773643494,-0.5059848427772522,0.000597834587097168,0.0011801323136582254,0.0011815266714626676,-0x1.035ece0000000p-1,-0x1.0310720000000p-1
3,40,target2_pos,1.5053192377090454,1.508882761001587,0.003563523292541504,0.002367287418690571,0.002361696604033079,0x1.815c9a0000000p+0,0x1.8246240000000p+0
3,41,target1_err,-0.009310184046626091,-0.0075519271194934845,0.0017582569271326065,0.18885307941573717,0.23282228487005507,-0x1.31137c0000000p-7,-0x1.eeec500000000p-8
3,42,target1_err,0.015729857608675957,0.01513201929628849,0.0005978383123874664,0.038006594036663295,0.03950816481803598,0x1.01b7ce0000000p-6,0x1.efd8940000000p-7
3,43,target1_err,-0.0025265535805374384,-0.006090042646974325,0.003563489066436887,1.4104149992650763,0.5851336801733746,-0x1.4b29120000000p-9,-0x1.8f1df60000000p-8
3,44,target2_err,0.008028280921280384,0.006270024459809065,0.0017582564614713192,0.21900783974944726,0.28042258411299115,0x1.07121a0000000p-7,0x1.9ae98e0000000p-8
3,45,target2_err,-0.03556869551539421,-0.034970857203006744,0.0005978383123874664,0.016807990951726658,0.017095329088360613,-0x1.2360f60000000p-5,-0x1.1e7b340000000p-5
3,46,target2_err,-0.025876211002469063,-0.022312721237540245,0.0035634897649288177,0.13771296595891863,0.1597066412022121,-0x1.a7f4b20000000p-6,-0x1.6d92560000000p-6
4,35,target1_pos,-0.18007782101631165,-0.17871876060962677,0.0013590604066848755,0.007547072698984792,0.007604464142706623,-0x1.70cca40000000p-3,-0x1.6e041a0000000p-3
4,36,target1_pos,-0.46190354228019714,-0.46256330609321594,0.0006597638130187988,0.001428358418214028,0.001426321120434579,-0x1.d8fd3e0000000p-2,-0x1.d9aa320000000p-2
4,37,target1_pos,1.4814389944076538,1.477728247642517,0.0037107467651367188,0.0025048259018053205,0.00251111580972796,0x1.7b3f960000000p+0,0x1.7a4c660000000p+0
4,38,target2_pos,-0.15325427055358887,-0.15461333096027374,0.0013590604066848755,0.008868010018746257,0.008790059681425993,-0x1.39dd600000000p-3,-0x1.3ca5ea0000000p-3
4,39,target2_pos,-0.5058634281158447,-0.5052036643028259,0.0006597638130187988,0.00130423307230605,0.001305936317641844,-0x1.0300880000000p-1,-0x1.02aa0e0000000p-1
4,40,target2_pos,1.4997807741165161,1.5034915208816528,0.0037107467651367188,0.0024741927814901,0.0024680862602808186,0x1.7ff1a20000000p+0,0x1.80e4d20000000p+0
4,41,target1_err,-0.016843602061271667,-0.015484549105167389,0.0013590529561042786,0.08068659845800656,0.08776832614717503,-0x1.13f7300000000p-6,-0x1.fb65d00000000p-7
4,42,target1_err,0.012231053784489632,0.011571286246180534,0.0006597675383090973,0.05394200286697763,0.05701764905581471,0x1.90c9840000000p-7,0x1.7b2afc0000000p-7
4,43,target1_err,0.005285400431603193,0.001574570662342012,0.0037108297692611814,0.7020905638620827,2.3567248253830053,0x1.5a624e0000000p-8,0x1.9cc3a60000000p-10
4,44,target2_err,0.0002975685347337276,-0.0010614843340590596,0.0013590528687927872,4.567192798152885,1.2803324789503405,0x1.3805f20000000p-12,-0x1.1643020000000p-10
4,45,target2_err,-0.04269321635365486,-0.042033448815345764,0.0006597675383090973,0.015453685495227774,0.01569625041255778,-0x1.5dbe2a0000000p-5,-0x1.5856880000000p-5
4,46,target2_err,-0.022447718307375908,-0.018736889585852623,0.003710828721523285,0.16530983998957144,0.19804934562485565,-0x1.6fc88e0000000p-6,-0x1.32fc360000000p-6
